<cacti>	
	<hash_000011af00126c638d0bdab23448d8e41f7258>
		<name>Mldonkey Informations - GT</name>
		<graph>
			<t_title>on</t_title>
			<title>Mldonkey Informations</title>
			<t_image_format_id></t_image_format_id>
			<image_format_id>1</image_format_id>
			<t_height></t_height>
			<height>120</height>
			<t_width></t_width>
			<width>500</width>
			<t_auto_scale></t_auto_scale>
			<auto_scale>on</auto_scale>
			<t_auto_scale_opts></t_auto_scale_opts>
			<auto_scale_opts>2</auto_scale_opts>
			<t_auto_scale_log></t_auto_scale_log>
			<auto_scale_log></auto_scale_log>
			<t_auto_scale_rigid></t_auto_scale_rigid>
			<auto_scale_rigid>on</auto_scale_rigid>
			<t_auto_padding></t_auto_padding>
			<auto_padding>on</auto_padding>
			<t_export></t_export>
			<export>on</export>
			<t_upper_limit>on</t_upper_limit>
			<upper_limit>150</upper_limit>
			<t_lower_limit></t_lower_limit>
			<lower_limit>0</lower_limit>
			<t_base_value></t_base_value>
			<base_value>1000</base_value>
			<t_unit_value></t_unit_value>
			<unit_value></unit_value>
			<t_unit_exponent_value></t_unit_exponent_value>
			<unit_exponent_value></unit_exponent_value>
			<t_vertical_label></t_vertical_label>
			<vertical_label></vertical_label>
		</graph>
		<items>
			<hash_10001123868e0d263f000e6644138a7493960e>
				<task_item_id>hash_080011b3d6405c3eeaf83d3f3f215e5ba6e47f</task_item_id>
				<color_id>4444FF</color_id>
				<graph_type_id>4</graph_type_id>
				<consolidation_function_id>1</consolidation_function_id>
				<cdef_id>0</cdef_id>
				<value></value>
				<gprint_id>hash_060011e9c43831e54eca8069317a2ce8c6f751</gprint_id>
				<text_format>Downloads</text_format>
				<hard_return></hard_return>
				<sequence>1</sequence>
			</hash_10001123868e0d263f000e6644138a7493960e>
			<hash_1000116ffb94a8983e8ffc99d930cd6a89754d>
				<task_item_id>hash_080011b3d6405c3eeaf83d3f3f215e5ba6e47f</task_item_id>
				<color_id>0</color_id>
				<graph_type_id>9</graph_type_id>
				<consolidation_function_id>4</consolidation_function_id>
				<cdef_id>0</cdef_id>
				<value></value>
				<gprint_id>hash_060011e9c43831e54eca8069317a2ce8c6f751</gprint_id>
				<text_format>Current:</text_format>
				<hard_return></hard_return>
				<sequence>2</sequence>
			</hash_1000116ffb94a8983e8ffc99d930cd6a89754d>
			<hash_100011ca8480f640844391ceefbf10557bad31>
				<task_item_id>hash_080011b3d6405c3eeaf83d3f3f215e5ba6e47f</task_item_id>
				<color_id>0</color_id>
				<graph_type_id>9</graph_type_id>
				<consolidation_function_id>1</consolidation_function_id>
				<cdef_id>0</cdef_id>
				<value></value>
				<gprint_id>hash_060011e9c43831e54eca8069317a2ce8c6f751</gprint_id>
				<text_format>Average:</text_format>
				<hard_return></hard_return>
				<sequence>3</sequence>
			</hash_100011ca8480f640844391ceefbf10557bad31>
			<hash_1000112e409eb9de8c358f5fa2f46b56dc8c51>
				<task_item_id>hash_080011b3d6405c3eeaf83d3f3f215e5ba6e47f</task_item_id>
				<color_id>0</color_id>
				<graph_type_id>9</graph_type_id>
				<consolidation_function_id>3</consolidation_function_id>
				<cdef_id>0</cdef_id>
				<value></value>
				<gprint_id>hash_060011e9c43831e54eca8069317a2ce8c6f751</gprint_id>
				<text_format>Maximum:</text_format>
				<hard_return>on</hard_return>
				<sequence>4</sequence>
			</hash_1000112e409eb9de8c358f5fa2f46b56dc8c51>
			<hash_100011297f4d6c44a9b6859c72a10b63a92bef>
				<task_item_id>hash_080011540e40e95324e7a1ff542fff1ca7cfcf</task_item_id>
				<color_id>00BD27</color_id>
				<graph_type_id>7</graph_type_id>
				<consolidation_function_id>1</consolidation_function_id>
				<cdef_id>0</cdef_id>
				<value></value>
				<gprint_id>hash_060011e9c43831e54eca8069317a2ce8c6f751</gprint_id>
				<text_format>Uploads</text_format>
				<hard_return></hard_return>
				<sequence>5</sequence>
			</hash_100011297f4d6c44a9b6859c72a10b63a92bef>
			<hash_100011d0260fb3eac89e8d3778b9d307e2b115>
				<task_item_id>hash_080011540e40e95324e7a1ff542fff1ca7cfcf</task_item_id>
				<color_id>0</color_id>
				<graph_type_id>9</graph_type_id>
				<consolidation_function_id>4</consolidation_function_id>
				<cdef_id>0</cdef_id>
				<value></value>
				<gprint_id>hash_060011e9c43831e54eca8069317a2ce8c6f751</gprint_id>
				<text_format>Current:</text_format>
				<hard_return></hard_return>
				<sequence>6</sequence>
			</hash_100011d0260fb3eac89e8d3778b9d307e2b115>
			<hash_100011dd7dac69e42b913c39f8e19cd5cff21e>
				<task_item_id>hash_080011540e40e95324e7a1ff542fff1ca7cfcf</task_item_id>
				<color_id>0</color_id>
				<graph_type_id>9</graph_type_id>
				<consolidation_function_id>1</consolidation_function_id>
				<cdef_id>0</cdef_id>
				<value></value>
				<gprint_id>hash_060011e9c43831e54eca8069317a2ce8c6f751</gprint_id>
				<text_format>Average:</text_format>
				<hard_return></hard_return>
				<sequence>7</sequence>
			</hash_100011dd7dac69e42b913c39f8e19cd5cff21e>
			<hash_100011f79a995e059605a3c4028fc4367b8591>
				<task_item_id>hash_080011540e40e95324e7a1ff542fff1ca7cfcf</task_item_id>
				<color_id>0</color_id>
				<graph_type_id>9</graph_type_id>
				<consolidation_function_id>3</consolidation_function_id>
				<cdef_id>0</cdef_id>
				<value></value>
				<gprint_id>hash_060011e9c43831e54eca8069317a2ce8c6f751</gprint_id>
				<text_format>Maximum:</text_format>
				<hard_return>on</hard_return>
				<sequence>8</sequence>
			</hash_100011f79a995e059605a3c4028fc4367b8591>
			<hash_100011dfddfcab5136a5a2357edd4be375793d>
				<task_item_id>hash_08001172f135ee36650856badd656eefe90115</task_item_id>
				<color_id>FF0000</color_id>
				<graph_type_id>4</graph_type_id>
				<consolidation_function_id>1</consolidation_function_id>
				<cdef_id>0</cdef_id>
				<value></value>
				<gprint_id>hash_060011e9c43831e54eca8069317a2ce8c6f751</gprint_id>
				<text_format>Files in Download</text_format>
				<hard_return></hard_return>
				<sequence>9</sequence>
			</hash_100011dfddfcab5136a5a2357edd4be375793d>
			<hash_1000116016692641619a0952bc22958976de8f>
				<task_item_id>hash_08001172f135ee36650856badd656eefe90115</task_item_id>
				<color_id>0</color_id>
				<graph_type_id>9</graph_type_id>
				<consolidation_function_id>4</consolidation_function_id>
				<cdef_id>0</cdef_id>
				<value></value>
				<gprint_id>hash_060011e9c43831e54eca8069317a2ce8c6f751</gprint_id>
				<text_format>Current:</text_format>
				<hard_return></hard_return>
				<sequence>10</sequence>
			</hash_1000116016692641619a0952bc22958976de8f>
			<hash_1000113ec276c6f37bef6a4303f5ef24f11806>
				<task_item_id>hash_08001172f135ee36650856badd656eefe90115</task_item_id>
				<color_id>0</color_id>
				<graph_type_id>9</graph_type_id>
				<consolidation_function_id>1</consolidation_function_id>
				<cdef_id>0</cdef_id>
				<value></value>
				<gprint_id>hash_060011e9c43831e54eca8069317a2ce8c6f751</gprint_id>
				<text_format>Average:</text_format>
				<hard_return></hard_return>
				<sequence>11</sequence>
			</hash_1000113ec276c6f37bef6a4303f5ef24f11806>
			<hash_100011cfd8d5b0828ff62af5a5e46c21cc34c3>
				<task_item_id>hash_08001172f135ee36650856badd656eefe90115</task_item_id>
				<color_id>0</color_id>
				<graph_type_id>9</graph_type_id>
				<consolidation_function_id>3</consolidation_function_id>
				<cdef_id>0</cdef_id>
				<value></value>
				<gprint_id>hash_060011e9c43831e54eca8069317a2ce8c6f751</gprint_id>
				<text_format>Maximum:</text_format>
				<hard_return>on</hard_return>
				<sequence>12</sequence>
			</hash_100011cfd8d5b0828ff62af5a5e46c21cc34c3>
		</items>
		<inputs>
			<hash_0900111f371535a2153c2d33cb5d453df29cbc>
				<name>Data Source [ml_up]</name>
				<description></description>
				<column_name>task_item_id</column_name>
				<items>hash_000011297f4d6c44a9b6859c72a10b63a92bef|hash_000011d0260fb3eac89e8d3778b9d307e2b115|hash_000011dd7dac69e42b913c39f8e19cd5cff21e|hash_000011f79a995e059605a3c4028fc4367b8591</items>
			</hash_0900111f371535a2153c2d33cb5d453df29cbc>
			<hash_0900112f16f99805c29849256fc9fdd12b93f5>
				<name>Data Source [ml_files]</name>
				<description></description>
				<column_name>task_item_id</column_name>
				<items>hash_000011dfddfcab5136a5a2357edd4be375793d|hash_0000116016692641619a0952bc22958976de8f|hash_0000113ec276c6f37bef6a4303f5ef24f11806|hash_000011cfd8d5b0828ff62af5a5e46c21cc34c3</items>
			</hash_0900112f16f99805c29849256fc9fdd12b93f5>
			<hash_090011373486df177e68868eb6c28c0c9523d7>
				<name>Data Source [ml_down]</name>
				<description></description>
				<column_name>task_item_id</column_name>
				<items>hash_00001123868e0d263f000e6644138a7493960e|hash_0000116ffb94a8983e8ffc99d930cd6a89754d|hash_000011ca8480f640844391ceefbf10557bad31|hash_0000112e409eb9de8c358f5fa2f46b56dc8c51</items>
			</hash_090011373486df177e68868eb6c28c0c9523d7>
		</inputs>
	</hash_000011af00126c638d0bdab23448d8e41f7258>
	<hash_010011cb7f6b2e542855ce21629a379272fcad>
		<name>Mldonkey Informations - DT</name>
		<ds>
			<t_name></t_name>
			<name>|hostname| - Mldonkey Informations</name>
			<data_input_id>hash_030011569a6ea761ebcdde3dde2c130ebcdd71</data_input_id>
			<t_rra_id></t_rra_id>
			<t_rrd_step></t_rrd_step>
			<rrd_step>300</rrd_step>
			<t_active></t_active>
			<active>on</active>
			<rra_items>hash_150011c21df5178e5c955013591239eb0afd46|hash_1500110d9c0af8b8acdc7807943937b3208e29|hash_1500116fc2d038fb42950138b0ce3e9874cc60|hash_150011e36f3adb9f152adfa5dc50fd2b23337e</rra_items>
		</ds>
		<items>
			<hash_080011540e40e95324e7a1ff542fff1ca7cfcf>
				<t_data_source_name>on</t_data_source_name>
				<data_source_name>ml_up</data_source_name>
				<t_rrd_minimum></t_rrd_minimum>
				<rrd_minimum>0</rrd_minimum>
				<t_rrd_maximum></t_rrd_maximum>
				<rrd_maximum>100</rrd_maximum>
				<t_data_source_type_id></t_data_source_type_id>
				<data_source_type_id>1</data_source_type_id>
				<t_rrd_heartbeat></t_rrd_heartbeat>
				<rrd_heartbeat>600</rrd_heartbeat>
				<t_data_input_field_id></t_data_input_field_id>
				<data_input_field_id>hash_070011698fbe76b1250602a09e218f182f38c7</data_input_field_id>
			</hash_080011540e40e95324e7a1ff542fff1ca7cfcf>
			<hash_08001172f135ee36650856badd656eefe90115>
				<t_data_source_name>on</t_data_source_name>
				<data_source_name>ml_files</data_source_name>
				<t_rrd_minimum></t_rrd_minimum>
				<rrd_minimum>0</rrd_minimum>
				<t_rrd_maximum></t_rrd_maximum>
				<rrd_maximum>0</rrd_maximum>
				<t_data_source_type_id></t_data_source_type_id>
				<data_source_type_id>1</data_source_type_id>
				<t_rrd_heartbeat></t_rrd_heartbeat>
				<rrd_heartbeat>600</rrd_heartbeat>
				<t_data_input_field_id></t_data_input_field_id>
				<data_input_field_id>hash_07001133cca5be99d93b522db6bb3c8ce050e1</data_input_field_id>
			</hash_08001172f135ee36650856badd656eefe90115>
			<hash_080011b3d6405c3eeaf83d3f3f215e5ba6e47f>
				<t_data_source_name>on</t_data_source_name>
				<data_source_name>ml_down</data_source_name>
				<t_rrd_minimum></t_rrd_minimum>
				<rrd_minimum>0</rrd_minimum>
				<t_rrd_maximum></t_rrd_maximum>
				<rrd_maximum>0</rrd_maximum>
				<t_data_source_type_id></t_data_source_type_id>
				<data_source_type_id>1</data_source_type_id>
				<t_rrd_heartbeat></t_rrd_heartbeat>
				<rrd_heartbeat>600</rrd_heartbeat>
				<t_data_input_field_id></t_data_input_field_id>
				<data_input_field_id>hash_070011e88a98661ff94e91841ee3728fb71393</data_input_field_id>
			</hash_080011b3d6405c3eeaf83d3f3f215e5ba6e47f>
		</items>
		<data>
			<item_000>
				<data_input_field_id>hash_070011e9dfd49de7b40f60cceca6198959e079</data_input_field_id>
				<t_value></t_value>
				<value></value>
			</item_000>
		</data>
	</hash_010011cb7f6b2e542855ce21629a379272fcad>
	<hash_030011569a6ea761ebcdde3dde2c130ebcdd71>
		<name>Mldonkey Informations</name>
		<type_id>1</type_id>
		<input_string>&lt;path_cacti&gt;/scripts/mldonkey_stats.sh &lt;hostname&gt;</input_string>
		<fields>
			<hash_070011e88a98661ff94e91841ee3728fb71393>
				<name>Mldonkey Downloads</name>
				<update_rra>on</update_rra>
				<regexp_match></regexp_match>
				<allow_nulls></allow_nulls>
				<type_code></type_code>
				<input_output>out</input_output>
				<data_name>ml_down</data_name>
			</hash_070011e88a98661ff94e91841ee3728fb71393>
			<hash_070011698fbe76b1250602a09e218f182f38c7>
				<name>Mldonkey Uploads</name>
				<update_rra>on</update_rra>
				<regexp_match></regexp_match>
				<allow_nulls></allow_nulls>
				<type_code></type_code>
				<input_output>out</input_output>
				<data_name>ml_up</data_name>
			</hash_070011698fbe76b1250602a09e218f182f38c7>
			<hash_07001133cca5be99d93b522db6bb3c8ce050e1>
				<name>Mldonkey Files in Download</name>
				<update_rra>on</update_rra>
				<regexp_match></regexp_match>
				<allow_nulls></allow_nulls>
				<type_code></type_code>
				<input_output>out</input_output>
				<data_name>ml_files</data_name>
			</hash_07001133cca5be99d93b522db6bb3c8ce050e1>
			<hash_070011e9dfd49de7b40f60cceca6198959e079>
				<name>hostname</name>
				<update_rra></update_rra>
				<regexp_match></regexp_match>
				<allow_nulls>on</allow_nulls>
				<type_code>hostname</type_code>
				<input_output>in</input_output>
				<data_name>hostname</data_name>
			</hash_070011e9dfd49de7b40f60cceca6198959e079>
		</fields>
	</hash_030011569a6ea761ebcdde3dde2c130ebcdd71>
	<hash_150011c21df5178e5c955013591239eb0afd46>
		<name>Daily (5 Minute Average)</name>
		<x_files_factor>0.5</x_files_factor>
		<steps>1</steps>
		<rows>600</rows>
		<timespan>86400</timespan>
		<cf_items>1|3</cf_items>
	</hash_150011c21df5178e5c955013591239eb0afd46>
	<hash_1500110d9c0af8b8acdc7807943937b3208e29>
		<name>Weekly (30 Minute Average)</name>
		<x_files_factor>0.5</x_files_factor>
		<steps>6</steps>
		<rows>700</rows>
		<timespan>604800</timespan>
		<cf_items>1|3</cf_items>
	</hash_1500110d9c0af8b8acdc7807943937b3208e29>
	<hash_1500116fc2d038fb42950138b0ce3e9874cc60>
		<name>Monthly (2 Hour Average)</name>
		<x_files_factor>0.5</x_files_factor>
		<steps>24</steps>
		<rows>775</rows>
		<timespan>2678400</timespan>
		<cf_items>1|3</cf_items>
	</hash_1500116fc2d038fb42950138b0ce3e9874cc60>
	<hash_150011e36f3adb9f152adfa5dc50fd2b23337e>
		<name>Yearly (1 Day Average)</name>
		<x_files_factor>0.5</x_files_factor>
		<steps>288</steps>
		<rows>797</rows>
		<timespan>33053184</timespan>
		<cf_items>1|3</cf_items>
	</hash_150011e36f3adb9f152adfa5dc50fd2b23337e>
	<hash_060011e9c43831e54eca8069317a2ce8c6f751>
		<name>Normal</name>
		<gprint_text>%8.2lf %s</gprint_text>
	</hash_060011e9c43831e54eca8069317a2ce8c6f751>
</cacti>