<cacti>	
	<hash_0000115044c01210cab0d5d226fca2f39b617c>
		<name>CPU - Informations - GT</name>
		<graph>
			<t_title></t_title>
			<title>CPU Informations</title>
			<t_image_format_id></t_image_format_id>
			<image_format_id>1</image_format_id>
			<t_height></t_height>
			<height>120</height>
			<t_width></t_width>
			<width>500</width>
			<t_auto_scale></t_auto_scale>
			<auto_scale>on</auto_scale>
			<t_auto_scale_opts></t_auto_scale_opts>
			<auto_scale_opts>2</auto_scale_opts>
			<t_auto_scale_log></t_auto_scale_log>
			<auto_scale_log></auto_scale_log>
			<t_auto_scale_rigid></t_auto_scale_rigid>
			<auto_scale_rigid>on</auto_scale_rigid>
			<t_auto_padding></t_auto_padding>
			<auto_padding>on</auto_padding>
			<t_export></t_export>
			<export>on</export>
			<t_upper_limit></t_upper_limit>
			<upper_limit>100</upper_limit>
			<t_lower_limit></t_lower_limit>
			<lower_limit>0</lower_limit>
			<t_base_value></t_base_value>
			<base_value>1000</base_value>
			<t_unit_value></t_unit_value>
			<unit_value></unit_value>
			<t_unit_exponent_value></t_unit_exponent_value>
			<unit_exponent_value></unit_exponent_value>
			<t_vertical_label></t_vertical_label>
			<vertical_label></vertical_label>
		</graph>
		<items>
			<hash_10001186e8fd47c0b4a597924caf20a8967f71>
				<task_item_id>hash_0800112b4681123c86392b77a3084ad1279081</task_item_id>
				<color_id>4444FF</color_id>
				<graph_type_id>7</graph_type_id>
				<consolidation_function_id>1</consolidation_function_id>
				<cdef_id>0</cdef_id>
				<value></value>
				<gprint_id>hash_060011e9c43831e54eca8069317a2ce8c6f751</gprint_id>
				<text_format>idle</text_format>
				<hard_return></hard_return>
				<sequence>1</sequence>
			</hash_10001186e8fd47c0b4a597924caf20a8967f71>
			<hash_1000113a0d1345a2ae5b6fa602a4e3210bf5f0>
				<task_item_id>hash_0800112b4681123c86392b77a3084ad1279081</task_item_id>
				<color_id>0</color_id>
				<graph_type_id>9</graph_type_id>
				<consolidation_function_id>4</consolidation_function_id>
				<cdef_id>0</cdef_id>
				<value></value>
				<gprint_id>hash_060011e9c43831e54eca8069317a2ce8c6f751</gprint_id>
				<text_format>Current:</text_format>
				<hard_return></hard_return>
				<sequence>2</sequence>
			</hash_1000113a0d1345a2ae5b6fa602a4e3210bf5f0>
			<hash_100011cf1d5ce12cb187a305b30cf5dcdc3ef8>
				<task_item_id>hash_0800112b4681123c86392b77a3084ad1279081</task_item_id>
				<color_id>0</color_id>
				<graph_type_id>9</graph_type_id>
				<consolidation_function_id>1</consolidation_function_id>
				<cdef_id>0</cdef_id>
				<value></value>
				<gprint_id>hash_060011e9c43831e54eca8069317a2ce8c6f751</gprint_id>
				<text_format>Average:</text_format>
				<hard_return></hard_return>
				<sequence>3</sequence>
			</hash_100011cf1d5ce12cb187a305b30cf5dcdc3ef8>
			<hash_100011f7dd074a12b00106d7405904629fcebb>
				<task_item_id>hash_0800112b4681123c86392b77a3084ad1279081</task_item_id>
				<color_id>0</color_id>
				<graph_type_id>9</graph_type_id>
				<consolidation_function_id>3</consolidation_function_id>
				<cdef_id>0</cdef_id>
				<value></value>
				<gprint_id>hash_060011e9c43831e54eca8069317a2ce8c6f751</gprint_id>
				<text_format>Maximum:</text_format>
				<hard_return>on</hard_return>
				<sequence>4</sequence>
			</hash_100011f7dd074a12b00106d7405904629fcebb>
			<hash_100011117702f1c36b7578ebd488982e59153e>
				<task_item_id>hash_0800111ddd8dd8fe849bb950eb540bb46b158b</task_item_id>
				<color_id>FF3932</color_id>
				<graph_type_id>7</graph_type_id>
				<consolidation_function_id>1</consolidation_function_id>
				<cdef_id>0</cdef_id>
				<value></value>
				<gprint_id>hash_060011e9c43831e54eca8069317a2ce8c6f751</gprint_id>
				<text_format>usage</text_format>
				<hard_return></hard_return>
				<sequence>5</sequence>
			</hash_100011117702f1c36b7578ebd488982e59153e>
			<hash_100011d7f45ae274010759164780c5c658e771>
				<task_item_id>hash_0800111ddd8dd8fe849bb950eb540bb46b158b</task_item_id>
				<color_id>0</color_id>
				<graph_type_id>9</graph_type_id>
				<consolidation_function_id>4</consolidation_function_id>
				<cdef_id>0</cdef_id>
				<value></value>
				<gprint_id>hash_060011e9c43831e54eca8069317a2ce8c6f751</gprint_id>
				<text_format>Current:</text_format>
				<hard_return></hard_return>
				<sequence>6</sequence>
			</hash_100011d7f45ae274010759164780c5c658e771>
			<hash_100011cc3d77cb2efb1c4b3f0832445c281198>
				<task_item_id>hash_0800111ddd8dd8fe849bb950eb540bb46b158b</task_item_id>
				<color_id>0</color_id>
				<graph_type_id>9</graph_type_id>
				<consolidation_function_id>1</consolidation_function_id>
				<cdef_id>0</cdef_id>
				<value></value>
				<gprint_id>hash_060011e9c43831e54eca8069317a2ce8c6f751</gprint_id>
				<text_format>Average:</text_format>
				<hard_return></hard_return>
				<sequence>7</sequence>
			</hash_100011cc3d77cb2efb1c4b3f0832445c281198>
			<hash_1000111074265dcc4e9e6ea7dab114f98e517c>
				<task_item_id>hash_0800111ddd8dd8fe849bb950eb540bb46b158b</task_item_id>
				<color_id>0</color_id>
				<graph_type_id>9</graph_type_id>
				<consolidation_function_id>3</consolidation_function_id>
				<cdef_id>0</cdef_id>
				<value></value>
				<gprint_id>hash_060011e9c43831e54eca8069317a2ce8c6f751</gprint_id>
				<text_format>Maximum:</text_format>
				<hard_return>on</hard_return>
				<sequence>8</sequence>
			</hash_1000111074265dcc4e9e6ea7dab114f98e517c>
			<hash_10001165d4e93fe302b467876857c44f979070>
				<task_item_id>hash_08001194adcdec8f4a1272884956a9bffa914e</task_item_id>
				<color_id>F9FD5F</color_id>
				<graph_type_id>7</graph_type_id>
				<consolidation_function_id>1</consolidation_function_id>
				<cdef_id>0</cdef_id>
				<value></value>
				<gprint_id>hash_060011e9c43831e54eca8069317a2ce8c6f751</gprint_id>
				<text_format>system</text_format>
				<hard_return></hard_return>
				<sequence>9</sequence>
			</hash_10001165d4e93fe302b467876857c44f979070>
			<hash_100011de02a1c5fbd3a344408ce7c2f81f0b18>
				<task_item_id>hash_08001194adcdec8f4a1272884956a9bffa914e</task_item_id>
				<color_id>0</color_id>
				<graph_type_id>9</graph_type_id>
				<consolidation_function_id>4</consolidation_function_id>
				<cdef_id>0</cdef_id>
				<value></value>
				<gprint_id>hash_060011e9c43831e54eca8069317a2ce8c6f751</gprint_id>
				<text_format>Current:</text_format>
				<hard_return></hard_return>
				<sequence>10</sequence>
			</hash_100011de02a1c5fbd3a344408ce7c2f81f0b18>
			<hash_1000116b6c20c859913dce985c3397dc1a9916>
				<task_item_id>hash_08001194adcdec8f4a1272884956a9bffa914e</task_item_id>
				<color_id>0</color_id>
				<graph_type_id>9</graph_type_id>
				<consolidation_function_id>1</consolidation_function_id>
				<cdef_id>0</cdef_id>
				<value></value>
				<gprint_id>hash_060011e9c43831e54eca8069317a2ce8c6f751</gprint_id>
				<text_format>Average:</text_format>
				<hard_return></hard_return>
				<sequence>11</sequence>
			</hash_1000116b6c20c859913dce985c3397dc1a9916>
			<hash_1000118a781265d4900c3d0aee2d294b0939e1>
				<task_item_id>hash_08001194adcdec8f4a1272884956a9bffa914e</task_item_id>
				<color_id>0</color_id>
				<graph_type_id>9</graph_type_id>
				<consolidation_function_id>3</consolidation_function_id>
				<cdef_id>0</cdef_id>
				<value></value>
				<gprint_id>hash_060011e9c43831e54eca8069317a2ce8c6f751</gprint_id>
				<text_format>Maximum:</text_format>
				<hard_return>on</hard_return>
				<sequence>12</sequence>
			</hash_1000118a781265d4900c3d0aee2d294b0939e1>
		</items>
		<inputs>
			<hash_09001105975202feb65a81ed8888de65aec27b>
				<name>Data Source [cpu_usage]</name>
				<description></description>
				<column_name>task_item_id</column_name>
				<items>hash_000011117702f1c36b7578ebd488982e59153e|hash_000011d7f45ae274010759164780c5c658e771|hash_000011cc3d77cb2efb1c4b3f0832445c281198|hash_0000111074265dcc4e9e6ea7dab114f98e517c</items>
			</hash_09001105975202feb65a81ed8888de65aec27b>
			<hash_090011b99cbf118ada13d500ed099fafca8708>
				<name>Data Source [cpu_system]</name>
				<description></description>
				<column_name>task_item_id</column_name>
				<items>hash_00001165d4e93fe302b467876857c44f979070|hash_000011de02a1c5fbd3a344408ce7c2f81f0b18|hash_0000116b6c20c859913dce985c3397dc1a9916|hash_0000118a781265d4900c3d0aee2d294b0939e1</items>
			</hash_090011b99cbf118ada13d500ed099fafca8708>
			<hash_09001189e0a54f8d809a9a1ee98677af305b1e>
				<name>Data Source [cpu_idle]</name>
				<description></description>
				<column_name>task_item_id</column_name>
				<items>hash_00001186e8fd47c0b4a597924caf20a8967f71|hash_0000113a0d1345a2ae5b6fa602a4e3210bf5f0|hash_000011cf1d5ce12cb187a305b30cf5dcdc3ef8|hash_000011f7dd074a12b00106d7405904629fcebb</items>
			</hash_09001189e0a54f8d809a9a1ee98677af305b1e>
		</inputs>
	</hash_0000115044c01210cab0d5d226fca2f39b617c>
	<hash_010011f44ac556e4e23198c2ab59000e00096a>
		<name>CPU - Informations - DT</name>
		<ds>
			<t_name></t_name>
			<name>Server - CPU Informations</name>
			<data_input_id>hash_0300111a9581e701461a550e4f719aecface0e</data_input_id>
			<t_rra_id></t_rra_id>
			<t_rrd_step></t_rrd_step>
			<rrd_step>300</rrd_step>
			<t_active></t_active>
			<active>on</active>
			<rra_items>hash_150011c21df5178e5c955013591239eb0afd46|hash_1500110d9c0af8b8acdc7807943937b3208e29|hash_1500116fc2d038fb42950138b0ce3e9874cc60|hash_150011e36f3adb9f152adfa5dc50fd2b23337e</rra_items>
		</ds>
		<items>
			<hash_08001194adcdec8f4a1272884956a9bffa914e>
				<t_data_source_name></t_data_source_name>
				<data_source_name>cpu_system</data_source_name>
				<t_rrd_minimum></t_rrd_minimum>
				<rrd_minimum>0</rrd_minimum>
				<t_rrd_maximum></t_rrd_maximum>
				<rrd_maximum>100</rrd_maximum>
				<t_data_source_type_id></t_data_source_type_id>
				<data_source_type_id>1</data_source_type_id>
				<t_rrd_heartbeat></t_rrd_heartbeat>
				<rrd_heartbeat>600</rrd_heartbeat>
				<t_data_input_field_id></t_data_input_field_id>
				<data_input_field_id>hash_070011dd7147ab70bf8d766b08736666756971</data_input_field_id>
			</hash_08001194adcdec8f4a1272884956a9bffa914e>
			<hash_0800111ddd8dd8fe849bb950eb540bb46b158b>
				<t_data_source_name></t_data_source_name>
				<data_source_name>cpu_usage</data_source_name>
				<t_rrd_minimum></t_rrd_minimum>
				<rrd_minimum>0</rrd_minimum>
				<t_rrd_maximum></t_rrd_maximum>
				<rrd_maximum>100</rrd_maximum>
				<t_data_source_type_id></t_data_source_type_id>
				<data_source_type_id>1</data_source_type_id>
				<t_rrd_heartbeat></t_rrd_heartbeat>
				<rrd_heartbeat>600</rrd_heartbeat>
				<t_data_input_field_id></t_data_input_field_id>
				<data_input_field_id>hash_0700118d3d5cf7a14e10d858efbbfe35f68685</data_input_field_id>
			</hash_0800111ddd8dd8fe849bb950eb540bb46b158b>
			<hash_0800112b4681123c86392b77a3084ad1279081>
				<t_data_source_name></t_data_source_name>
				<data_source_name>cpu_idle</data_source_name>
				<t_rrd_minimum></t_rrd_minimum>
				<rrd_minimum>0</rrd_minimum>
				<t_rrd_maximum></t_rrd_maximum>
				<rrd_maximum>100</rrd_maximum>
				<t_data_source_type_id></t_data_source_type_id>
				<data_source_type_id>1</data_source_type_id>
				<t_rrd_heartbeat></t_rrd_heartbeat>
				<rrd_heartbeat>600</rrd_heartbeat>
				<t_data_input_field_id></t_data_input_field_id>
				<data_input_field_id>hash_070011ee3849c5a2ccfedc76938e0e847a8956</data_input_field_id>
			</hash_0800112b4681123c86392b77a3084ad1279081>
		</items>
		<data>
			<item_000>
				<data_input_field_id>hash_0700117469a0108e9fcb3bb13e7837f3f27fd0</data_input_field_id>
				<t_value></t_value>
				<value></value>
			</item_000>
		</data>
	</hash_010011f44ac556e4e23198c2ab59000e00096a>
	<hash_0300111a9581e701461a550e4f719aecface0e>
		<name>CPU - Informations</name>
		<type_id>1</type_id>
		<input_string>&lt;path_cacti&gt;/scripts/network_stats.sh &lt;hostname&gt;</input_string>
		<fields>
			<hash_070011ee3849c5a2ccfedc76938e0e847a8956>
				<name>CPU Idle</name>
				<update_rra>on</update_rra>
				<regexp_match></regexp_match>
				<allow_nulls></allow_nulls>
				<type_code></type_code>
				<input_output>out</input_output>
				<data_name>cpu_idle</data_name>
			</hash_070011ee3849c5a2ccfedc76938e0e847a8956>
			<hash_070011dd7147ab70bf8d766b08736666756971>
				<name>CPU System</name>
				<update_rra>on</update_rra>
				<regexp_match></regexp_match>
				<allow_nulls></allow_nulls>
				<type_code></type_code>
				<input_output>out</input_output>
				<data_name>cpu_system</data_name>
			</hash_070011dd7147ab70bf8d766b08736666756971>
			<hash_0700118d3d5cf7a14e10d858efbbfe35f68685>
				<name>CPU Usage</name>
				<update_rra>on</update_rra>
				<regexp_match></regexp_match>
				<allow_nulls></allow_nulls>
				<type_code></type_code>
				<input_output>out</input_output>
				<data_name>cpu_usage</data_name>
			</hash_0700118d3d5cf7a14e10d858efbbfe35f68685>
			<hash_0700117469a0108e9fcb3bb13e7837f3f27fd0>
				<name>hostname</name>
				<update_rra></update_rra>
				<regexp_match></regexp_match>
				<allow_nulls>on</allow_nulls>
				<type_code>hostname</type_code>
				<input_output>in</input_output>
				<data_name>hostname</data_name>
			</hash_0700117469a0108e9fcb3bb13e7837f3f27fd0>
		</fields>
	</hash_0300111a9581e701461a550e4f719aecface0e>
	<hash_150011c21df5178e5c955013591239eb0afd46>
		<name>Daily (5 Minute Average)</name>
		<x_files_factor>0.5</x_files_factor>
		<steps>1</steps>
		<rows>600</rows>
		<timespan>86400</timespan>
		<cf_items>1|3</cf_items>
	</hash_150011c21df5178e5c955013591239eb0afd46>
	<hash_1500110d9c0af8b8acdc7807943937b3208e29>
		<name>Weekly (30 Minute Average)</name>
		<x_files_factor>0.5</x_files_factor>
		<steps>6</steps>
		<rows>700</rows>
		<timespan>604800</timespan>
		<cf_items>1|3</cf_items>
	</hash_1500110d9c0af8b8acdc7807943937b3208e29>
	<hash_1500116fc2d038fb42950138b0ce3e9874cc60>
		<name>Monthly (2 Hour Average)</name>
		<x_files_factor>0.5</x_files_factor>
		<steps>24</steps>
		<rows>775</rows>
		<timespan>2678400</timespan>
		<cf_items>1|3</cf_items>
	</hash_1500116fc2d038fb42950138b0ce3e9874cc60>
	<hash_150011e36f3adb9f152adfa5dc50fd2b23337e>
		<name>Yearly (1 Day Average)</name>
		<x_files_factor>0.5</x_files_factor>
		<steps>288</steps>
		<rows>797</rows>
		<timespan>33053184</timespan>
		<cf_items>1|3</cf_items>
	</hash_150011e36f3adb9f152adfa5dc50fd2b23337e>
	<hash_060011e9c43831e54eca8069317a2ce8c6f751>
		<name>Normal</name>
		<gprint_text>%8.2lf %s</gprint_text>
	</hash_060011e9c43831e54eca8069317a2ce8c6f751>
</cacti>