<cacti>	
	<hash_0000119f7217937b9ac7f7b7f34e08c0e4b0fd>
		<name>RAM Informations - GT</name>
		<graph>
			<t_title>on</t_title>
			<title>RAM Informations</title>
			<t_image_format_id></t_image_format_id>
			<image_format_id>1</image_format_id>
			<t_height></t_height>
			<height>120</height>
			<t_width></t_width>
			<width>500</width>
			<t_auto_scale></t_auto_scale>
			<auto_scale>on</auto_scale>
			<t_auto_scale_opts></t_auto_scale_opts>
			<auto_scale_opts>2</auto_scale_opts>
			<t_auto_scale_log></t_auto_scale_log>
			<auto_scale_log></auto_scale_log>
			<t_auto_scale_rigid></t_auto_scale_rigid>
			<auto_scale_rigid></auto_scale_rigid>
			<t_auto_padding></t_auto_padding>
			<auto_padding>on</auto_padding>
			<t_export></t_export>
			<export>on</export>
			<t_upper_limit></t_upper_limit>
			<upper_limit>100</upper_limit>
			<t_lower_limit></t_lower_limit>
			<lower_limit>0</lower_limit>
			<t_base_value></t_base_value>
			<base_value>1000</base_value>
			<t_unit_value></t_unit_value>
			<unit_value></unit_value>
			<t_unit_exponent_value></t_unit_exponent_value>
			<unit_exponent_value></unit_exponent_value>
			<t_vertical_label></t_vertical_label>
			<vertical_label>Gigas Octets</vertical_label>
		</graph>
		<items>
			<hash_1000116c525707f7fc77c6c434c428e3d77fd2>
				<task_item_id>hash_08001183d47001173c7f82dc13585a19ddf9bd</task_item_id>
				<color_id>FF7D00</color_id>
				<graph_type_id>7</graph_type_id>
				<consolidation_function_id>1</consolidation_function_id>
				<cdef_id>hash_050011634a23af5e78af0964e8d33b1a4ed26b</cdef_id>
				<value></value>
				<gprint_id>hash_060011e9c43831e54eca8069317a2ce8c6f751</gprint_id>
				<text_format>Used:</text_format>
				<hard_return></hard_return>
				<sequence>1</sequence>
			</hash_1000116c525707f7fc77c6c434c428e3d77fd2>
			<hash_100011cf8bc9f5f3184ef3ab0a60bf9158f1e9>
				<task_item_id>hash_08001183d47001173c7f82dc13585a19ddf9bd</task_item_id>
				<color_id>0</color_id>
				<graph_type_id>9</graph_type_id>
				<consolidation_function_id>4</consolidation_function_id>
				<cdef_id>0</cdef_id>
				<value></value>
				<gprint_id>hash_060011e9c43831e54eca8069317a2ce8c6f751</gprint_id>
				<text_format>Current:</text_format>
				<hard_return></hard_return>
				<sequence>2</sequence>
			</hash_100011cf8bc9f5f3184ef3ab0a60bf9158f1e9>
			<hash_100011a9b7942ee55f3dc4f6a5876de9e0ed68>
				<task_item_id>hash_08001183d47001173c7f82dc13585a19ddf9bd</task_item_id>
				<color_id>0</color_id>
				<graph_type_id>9</graph_type_id>
				<consolidation_function_id>1</consolidation_function_id>
				<cdef_id>0</cdef_id>
				<value></value>
				<gprint_id>hash_060011e9c43831e54eca8069317a2ce8c6f751</gprint_id>
				<text_format>Average:</text_format>
				<hard_return></hard_return>
				<sequence>3</sequence>
			</hash_100011a9b7942ee55f3dc4f6a5876de9e0ed68>
			<hash_100011160f6f7e2e08969dbcbe8f572fe0cecd>
				<task_item_id>hash_08001183d47001173c7f82dc13585a19ddf9bd</task_item_id>
				<color_id>0</color_id>
				<graph_type_id>9</graph_type_id>
				<consolidation_function_id>3</consolidation_function_id>
				<cdef_id>0</cdef_id>
				<value></value>
				<gprint_id>hash_060011e9c43831e54eca8069317a2ce8c6f751</gprint_id>
				<text_format>Maximum:</text_format>
				<hard_return>on</hard_return>
				<sequence>4</sequence>
			</hash_100011160f6f7e2e08969dbcbe8f572fe0cecd>
			<hash_100011fa0c6a755eefb08ca461ff3a2351e50f>
				<task_item_id>hash_08001161b2cd112af8d0a1ddfc525a9c535f0f</task_item_id>
				<color_id>6DC8FE</color_id>
				<graph_type_id>8</graph_type_id>
				<consolidation_function_id>1</consolidation_function_id>
				<cdef_id>hash_050011634a23af5e78af0964e8d33b1a4ed26b</cdef_id>
				<value></value>
				<gprint_id>hash_060011e9c43831e54eca8069317a2ce8c6f751</gprint_id>
				<text_format>Free:</text_format>
				<hard_return></hard_return>
				<sequence>5</sequence>
			</hash_100011fa0c6a755eefb08ca461ff3a2351e50f>
			<hash_1000111fb5ce292ea24eec0a35cb7fc2a3e89a>
				<task_item_id>hash_08001161b2cd112af8d0a1ddfc525a9c535f0f</task_item_id>
				<color_id>0</color_id>
				<graph_type_id>9</graph_type_id>
				<consolidation_function_id>4</consolidation_function_id>
				<cdef_id>0</cdef_id>
				<value></value>
				<gprint_id>hash_060011e9c43831e54eca8069317a2ce8c6f751</gprint_id>
				<text_format>Current:</text_format>
				<hard_return></hard_return>
				<sequence>6</sequence>
			</hash_1000111fb5ce292ea24eec0a35cb7fc2a3e89a>
			<hash_100011224f969e4ae1342945608d0ec78fe1dc>
				<task_item_id>hash_08001161b2cd112af8d0a1ddfc525a9c535f0f</task_item_id>
				<color_id>0</color_id>
				<graph_type_id>9</graph_type_id>
				<consolidation_function_id>1</consolidation_function_id>
				<cdef_id>0</cdef_id>
				<value></value>
				<gprint_id>hash_060011e9c43831e54eca8069317a2ce8c6f751</gprint_id>
				<text_format>Average:</text_format>
				<hard_return></hard_return>
				<sequence>7</sequence>
			</hash_100011224f969e4ae1342945608d0ec78fe1dc>
			<hash_100011200f3febea65222f0c6f3f92fd22e125>
				<task_item_id>hash_08001161b2cd112af8d0a1ddfc525a9c535f0f</task_item_id>
				<color_id>0</color_id>
				<graph_type_id>9</graph_type_id>
				<consolidation_function_id>3</consolidation_function_id>
				<cdef_id>0</cdef_id>
				<value></value>
				<gprint_id>hash_060011e9c43831e54eca8069317a2ce8c6f751</gprint_id>
				<text_format>Maximum:</text_format>
				<hard_return>on</hard_return>
				<sequence>8</sequence>
			</hash_100011200f3febea65222f0c6f3f92fd22e125>
			<hash_100011aa0322da667ac7547f35657ee48bae9d>
				<task_item_id>hash_080011123609dfe0dfb5d64f6f21a9d99d06eb</task_item_id>
				<color_id>000000</color_id>
				<graph_type_id>4</graph_type_id>
				<consolidation_function_id>1</consolidation_function_id>
				<cdef_id>hash_050011634a23af5e78af0964e8d33b1a4ed26b</cdef_id>
				<value></value>
				<gprint_id>hash_060011e9c43831e54eca8069317a2ce8c6f751</gprint_id>
				<text_format>Total:</text_format>
				<hard_return></hard_return>
				<sequence>9</sequence>
			</hash_100011aa0322da667ac7547f35657ee48bae9d>
			<hash_10001155500ec3c7a976d0f11586d3608f8d8d>
				<task_item_id>hash_080011123609dfe0dfb5d64f6f21a9d99d06eb</task_item_id>
				<color_id>0</color_id>
				<graph_type_id>9</graph_type_id>
				<consolidation_function_id>4</consolidation_function_id>
				<cdef_id>0</cdef_id>
				<value></value>
				<gprint_id>hash_060011e9c43831e54eca8069317a2ce8c6f751</gprint_id>
				<text_format>Current:</text_format>
				<hard_return></hard_return>
				<sequence>10</sequence>
			</hash_10001155500ec3c7a976d0f11586d3608f8d8d>
			<hash_100011215803304a8c1642ecd2052693ec9e4f>
				<task_item_id>hash_080011123609dfe0dfb5d64f6f21a9d99d06eb</task_item_id>
				<color_id>0</color_id>
				<graph_type_id>9</graph_type_id>
				<consolidation_function_id>1</consolidation_function_id>
				<cdef_id>0</cdef_id>
				<value></value>
				<gprint_id>hash_060011e9c43831e54eca8069317a2ce8c6f751</gprint_id>
				<text_format>Average:</text_format>
				<hard_return></hard_return>
				<sequence>11</sequence>
			</hash_100011215803304a8c1642ecd2052693ec9e4f>
			<hash_100011ce7b0384ed3e1f1df3466cb854667d22>
				<task_item_id>hash_080011123609dfe0dfb5d64f6f21a9d99d06eb</task_item_id>
				<color_id>0</color_id>
				<graph_type_id>9</graph_type_id>
				<consolidation_function_id>3</consolidation_function_id>
				<cdef_id>0</cdef_id>
				<value></value>
				<gprint_id>hash_060011e9c43831e54eca8069317a2ce8c6f751</gprint_id>
				<text_format>Maximum:</text_format>
				<hard_return>on</hard_return>
				<sequence>12</sequence>
			</hash_100011ce7b0384ed3e1f1df3466cb854667d22>
		</items>
		<inputs>
			<hash_0900114b5aa4ef175c96cef32b6a58461577d9>
				<name>Data Source [ram_used]</name>
				<description></description>
				<column_name>task_item_id</column_name>
				<items>hash_0000116c525707f7fc77c6c434c428e3d77fd2|hash_000011cf8bc9f5f3184ef3ab0a60bf9158f1e9|hash_000011a9b7942ee55f3dc4f6a5876de9e0ed68|hash_000011160f6f7e2e08969dbcbe8f572fe0cecd</items>
			</hash_0900114b5aa4ef175c96cef32b6a58461577d9>
			<hash_0900113333cf90a588c841202029fb6dffa286>
				<name>Data Source [ram_free]</name>
				<description></description>
				<column_name>task_item_id</column_name>
				<items>hash_000011fa0c6a755eefb08ca461ff3a2351e50f|hash_0000111fb5ce292ea24eec0a35cb7fc2a3e89a|hash_000011224f969e4ae1342945608d0ec78fe1dc|hash_000011200f3febea65222f0c6f3f92fd22e125</items>
			</hash_0900113333cf90a588c841202029fb6dffa286>
			<hash_090011bea32f49280d3f06c8f880b215fe8cee>
				<name>Data Source [ram_total]</name>
				<description></description>
				<column_name>task_item_id</column_name>
				<items>hash_000011aa0322da667ac7547f35657ee48bae9d|hash_00001155500ec3c7a976d0f11586d3608f8d8d|hash_000011215803304a8c1642ecd2052693ec9e4f|hash_000011ce7b0384ed3e1f1df3466cb854667d22</items>
			</hash_090011bea32f49280d3f06c8f880b215fe8cee>
		</inputs>
	</hash_0000119f7217937b9ac7f7b7f34e08c0e4b0fd>
	<hash_010011863a6bf331e010bfeae56c65d86aa209>
		<name>RAM Informations - DT</name>
		<ds>
			<t_name></t_name>
			<name>|host_description| - RAM Informations</name>
			<data_input_id>hash_030011db2e27012f64c88ca66428165bc26f8e</data_input_id>
			<t_rra_id></t_rra_id>
			<t_rrd_step></t_rrd_step>
			<rrd_step>300</rrd_step>
			<t_active></t_active>
			<active>on</active>
			<rra_items>hash_150011c21df5178e5c955013591239eb0afd46|hash_1500110d9c0af8b8acdc7807943937b3208e29|hash_1500116fc2d038fb42950138b0ce3e9874cc60|hash_150011e36f3adb9f152adfa5dc50fd2b23337e</rra_items>
		</ds>
		<items>
			<hash_08001161b2cd112af8d0a1ddfc525a9c535f0f>
				<t_data_source_name>on</t_data_source_name>
				<data_source_name>ram_free</data_source_name>
				<t_rrd_minimum></t_rrd_minimum>
				<rrd_minimum>0</rrd_minimum>
				<t_rrd_maximum></t_rrd_maximum>
				<rrd_maximum>0</rrd_maximum>
				<t_data_source_type_id></t_data_source_type_id>
				<data_source_type_id>1</data_source_type_id>
				<t_rrd_heartbeat></t_rrd_heartbeat>
				<rrd_heartbeat>600</rrd_heartbeat>
				<t_data_input_field_id></t_data_input_field_id>
				<data_input_field_id>hash_07001133235e739b95671132ba9e6521e7679d</data_input_field_id>
			</hash_08001161b2cd112af8d0a1ddfc525a9c535f0f>
			<hash_080011123609dfe0dfb5d64f6f21a9d99d06eb>
				<t_data_source_name>on</t_data_source_name>
				<data_source_name>ram_total</data_source_name>
				<t_rrd_minimum></t_rrd_minimum>
				<rrd_minimum>0</rrd_minimum>
				<t_rrd_maximum></t_rrd_maximum>
				<rrd_maximum>0</rrd_maximum>
				<t_data_source_type_id></t_data_source_type_id>
				<data_source_type_id>1</data_source_type_id>
				<t_rrd_heartbeat></t_rrd_heartbeat>
				<rrd_heartbeat>600</rrd_heartbeat>
				<t_data_input_field_id></t_data_input_field_id>
				<data_input_field_id>hash_070011374c0bca8d46ee144f7a2e75bfdc6716</data_input_field_id>
			</hash_080011123609dfe0dfb5d64f6f21a9d99d06eb>
			<hash_08001183d47001173c7f82dc13585a19ddf9bd>
				<t_data_source_name>on</t_data_source_name>
				<data_source_name>ram_used</data_source_name>
				<t_rrd_minimum></t_rrd_minimum>
				<rrd_minimum>0</rrd_minimum>
				<t_rrd_maximum></t_rrd_maximum>
				<rrd_maximum>0</rrd_maximum>
				<t_data_source_type_id></t_data_source_type_id>
				<data_source_type_id>1</data_source_type_id>
				<t_rrd_heartbeat></t_rrd_heartbeat>
				<rrd_heartbeat>600</rrd_heartbeat>
				<t_data_input_field_id></t_data_input_field_id>
				<data_input_field_id>hash_070011af26dcf3b04ff13f0a89967915cabdb6</data_input_field_id>
			</hash_08001183d47001173c7f82dc13585a19ddf9bd>
		</items>
		<data>
			<item_000>
				<data_input_field_id>hash_070011f3fddccdd42394e17a13d8477c3cfea2</data_input_field_id>
				<t_value></t_value>
				<value></value>
			</item_000>
		</data>
	</hash_010011863a6bf331e010bfeae56c65d86aa209>
	<hash_030011db2e27012f64c88ca66428165bc26f8e>
		<name>RAM Informations</name>
		<type_id>1</type_id>
		<input_string>&lt;path_cacti&gt;/scripts/ram_stats.sh &lt;hostname&gt;</input_string>
		<fields>
			<hash_070011f3fddccdd42394e17a13d8477c3cfea2>
				<name>hostname</name>
				<update_rra></update_rra>
				<regexp_match></regexp_match>
				<allow_nulls>on</allow_nulls>
				<type_code>hostname</type_code>
				<input_output>in</input_output>
				<data_name>hostname</data_name>
			</hash_070011f3fddccdd42394e17a13d8477c3cfea2>
			<hash_070011374c0bca8d46ee144f7a2e75bfdc6716>
				<name>RAM Informations - Total</name>
				<update_rra>on</update_rra>
				<regexp_match></regexp_match>
				<allow_nulls></allow_nulls>
				<type_code></type_code>
				<input_output>out</input_output>
				<data_name>ram_total</data_name>
			</hash_070011374c0bca8d46ee144f7a2e75bfdc6716>
			<hash_07001133235e739b95671132ba9e6521e7679d>
				<name>RAM Informations - Free</name>
				<update_rra>on</update_rra>
				<regexp_match></regexp_match>
				<allow_nulls></allow_nulls>
				<type_code></type_code>
				<input_output>out</input_output>
				<data_name>ram_free</data_name>
			</hash_07001133235e739b95671132ba9e6521e7679d>
			<hash_070011af26dcf3b04ff13f0a89967915cabdb6>
				<name>RAM Informations - Used</name>
				<update_rra>on</update_rra>
				<regexp_match></regexp_match>
				<allow_nulls></allow_nulls>
				<type_code></type_code>
				<input_output>out</input_output>
				<data_name>ram_used</data_name>
			</hash_070011af26dcf3b04ff13f0a89967915cabdb6>
		</fields>
	</hash_030011db2e27012f64c88ca66428165bc26f8e>
	<hash_150011c21df5178e5c955013591239eb0afd46>
		<name>Daily (5 Minute Average)</name>
		<x_files_factor>0.5</x_files_factor>
		<steps>1</steps>
		<rows>600</rows>
		<timespan>86400</timespan>
		<cf_items>1|3</cf_items>
	</hash_150011c21df5178e5c955013591239eb0afd46>
	<hash_1500110d9c0af8b8acdc7807943937b3208e29>
		<name>Weekly (30 Minute Average)</name>
		<x_files_factor>0.5</x_files_factor>
		<steps>6</steps>
		<rows>700</rows>
		<timespan>604800</timespan>
		<cf_items>1|3</cf_items>
	</hash_1500110d9c0af8b8acdc7807943937b3208e29>
	<hash_1500116fc2d038fb42950138b0ce3e9874cc60>
		<name>Monthly (2 Hour Average)</name>
		<x_files_factor>0.5</x_files_factor>
		<steps>24</steps>
		<rows>775</rows>
		<timespan>2678400</timespan>
		<cf_items>1|3</cf_items>
	</hash_1500116fc2d038fb42950138b0ce3e9874cc60>
	<hash_150011e36f3adb9f152adfa5dc50fd2b23337e>
		<name>Yearly (1 Day Average)</name>
		<x_files_factor>0.5</x_files_factor>
		<steps>288</steps>
		<rows>797</rows>
		<timespan>33053184</timespan>
		<cf_items>1|3</cf_items>
	</hash_150011e36f3adb9f152adfa5dc50fd2b23337e>
	<hash_050011634a23af5e78af0964e8d33b1a4ed26b>
		<name>Multiply by 1024</name>
		<items>
			<hash_14001186370cfa0008fe8c56b28be80ee39a40>
				<sequence>1</sequence>
				<type>4</type>
				<value>CURRENT_DATA_SOURCE</value>
			</hash_14001186370cfa0008fe8c56b28be80ee39a40>
			<hash_1400119a35cc60d47691af37f6fddf02064e20>
				<sequence>2</sequence>
				<type>6</type>
				<value>1024</value>
			</hash_1400119a35cc60d47691af37f6fddf02064e20>
			<hash_1400115d7a7941ec0440b257e5598a27dd1688>
				<sequence>3</sequence>
				<type>2</type>
				<value>3</value>
			</hash_1400115d7a7941ec0440b257e5598a27dd1688>
		</items>
	</hash_050011634a23af5e78af0964e8d33b1a4ed26b>
	<hash_060011e9c43831e54eca8069317a2ce8c6f751>
		<name>Normal</name>
		<gprint_text>%8.2lf %s</gprint_text>
	</hash_060011e9c43831e54eca8069317a2ce8c6f751>
</cacti>